Name,Price
Smartphone ITEL A18 1Go 32Go - Vert,189.000
Smartphone EVERTEK M20S Mini 1Go 16Go - Vert,209.000
Smartphone EVERTEK M20S Mini 1Go 16Go - Rouge,219.000
Smartphone IKU A4 - Bleu,249.000
Smartphone IKU A7 2Go 16Go - Bleu,269.000
Smartphone IKU A4 1Go 16Go - Vert,269.000
Smartphone IKU A4 1Go 16Go - Gris,269.000
Smartphone EVERTEK M20 1Go 16Go - Vert,269.000
Smartphone ITEL A58 1Go 16Go - Noir,289.000
Smartphone IPLUS NU65 2Go 32Go - Vert,299.000
Smartphone IPLUS NU65 2Go 32Go - Bleu,299.000
Smartphone NOKIA C2 2�me �dition 2Go 32Go - Gris,299.000
Smartphone NOKIA C2 2�me �dition 2Go 32Go - Bleu,299.000
Smartphone IPLUS P1 2Go 16Go - Gris + Carte m�moire 16G Gratuite,299.000
Smartphone BENCO V60 3Go 32Go - Greenish Silver,299.000
Smartphone NOKIA C10 2Go 32Go - Violet + Abonnement 12mois,325.000
Smartphone NOKIA C10 2Go 32Go Gris + Abonnement 12mois,325.000
Smartphone IPLUS NU65 4G 4Go 64Go - Bleu,349.000
Smartphone IPLUS NU65 4G 4Go 64Go - Noir,349.000
Smartphone BENCO V80 4Go 64Go - Silver,349.000
Smartphone BENCO V80 4Go 64Go - Bleu Cyan,349.000
Smartphone ITEL P37 - Bleu Fonc�,349.000
Smartphone SMART E2 2Go 32Go - Vert,349.000
Smartphone ITEL A58 Pro 2Go 32Go - Noir,359.000
Smartphone ITEL A58 Pro 2Go 32Go - Bleu,359.000
,N/A
Smartphone INFINIX SMART 6 HD 2Go 32Go - Aqua Sky,369.000
Smartphone IKU A11 2Go 32Go - Vert,369.000
Smartphone IKU A23 2Go 32Go - Vert,369.000
Smartphone IKU A23 2Go 32Go - Gris,369.000
Smartphone IKU A23 2Go 32Go - Rouge,369.000
Smartphone IKU A23 2Go 32Go - Bleu,369.000
Smartphone IKU A11 2Go 32Go - Rouge,369.000
Smartphone XIAOMI Redmi A1 Plus 2Go 32Go - Vert,379.000
Smartphone XIAOMI Redmi A1 Plus 2Go 32Go - Noir,379.000
Smartphone XIAOMI Redmi A1 Plus 2Go 32Go - Bleu Clair,379.000
Smartphone LENOVO K13 2Go 32Go - Bleu,379.000
Smartphone INFINIX SMART 6 Plus 2Go 64Go - Bleu,389.000
Smartphone VIVO Y02 2Go 32Go - Bleu,399.000
Smartphone VIVO Y02 2Go 32Go - Gris,399.000
Smartphone INFINIX SMART 7 4Go 64Go - Noir,419.000
Smartphone INFINIX SMART 7 4Go 64Go - Blanc,419.000
Smartphone INFINIX SMART 7 4Go 64Go - Bleu,419.000
Smartphone SAMSUNG GALAXY A03 Core 2Go 32Go - Menthe,419.000
Smartphone SAMSUNG GALAXY A03 Core 2Go 32Go - Bronze,419.000
Smartphone SAMSUNG GALAXY A03 Core 2Go 32Go - Onyx,419.000
Smartphone IKU A36 2G 32G - Noir,419.000
Smartphone ITEL P38 Pro 2Go 64Go - Bleu Ocean,429.000
Smartphone ITEL P38 Pro 2Go 64Go - Vert menthe,429.000
Smartphone FIGI Note 1 Pro 4Go 128Go - Vert,429.000
Smartphone IKU X5 3Go 32Go - Bleu,449.000
,N/A
Smartphone IPLUS P5 4Go 128Go - Bleu,449.000
Smartphone IPLUS P5 4Go 128Go - Noir,449.000
Smartphone SAMSUNG GALAXY A04E 3Go 32Go - Cuivre,459.000
Smartphone SAMSUNG GALAXY A04E 3Go 32Go - Bleu,459.000
Smartphone SAMSUNG GALAXY A04E 3Go 32Go - Noir,459.000
Smartphone REALME C21Y - Noir,459.000
Smartphone IKU A12 4Go 64Go - Vert,469.000
Smartphone IKU A12 4Go 64Go - Rouge,469.000
Smartphone ITEL P38 Pro 4Go 64Go - Vert menthe,469.000
Smartphone SAMSUNG GALAXY A04E 3Go 64Go - Cuivre,475.000
Smartphone SAMSUNG GALAXY A04E 3Go 64Go - Noir,475.000
Smartphone SAMSUNG GALAXY A04E 3Go 64Go - Bleu,475.000
Smartphone TECNO Spark 8 4G 64G - Bleu Atlantique,485.000
Smartphone TECNO Spark 8 4G 64G - Turquoise Cyan,485.000
Smartphone INFINIX HOT 20I 4Go 128Go - Vert,489.000
Smartphone INFINIX HOT 20I 4Go 128Go - Bleu,489.000
Smartphone INFINIX HOT 20I 4Go 128Go - Noir,489.000
Smartphone IKU A70 4G 64G - Vert,495.000
Smartphone IKU A70 4G 64G - Bleu,495.000
Smartphone XIAOMI Redmi 12C 3Go 64Go - Violet Lavande,499.000
Smartphone XIAOMI Redmi 12C 3Go 64Go - Vert,499.000
Smartphone XIAOMI Redmi 12C 3Go 64Go - Bleu Oc�an,499.000
Smartphone XIAOMI Redmi 12C 3Go 64Go - Gris Graphite,499.000
Smartphone OPPO A17K 3Go 64Go - Bleu Fonc�,499.000
Smartphone SAMSUNG GALAXY A04 3Go 32Go - Cuivre,499.000
,N/A
Smartphone SAMSUNG GALAXY A04 3Go 32Go - Blanc,499.000
Smartphone SAMSUNG GALAXY A04 3Go 32Go - Noir,499.000
Smartphone OPPO A17K 3Go 64Go - Bleu,499.000
Smartphone VIVO Y02S 3Go 32Go - Bleu,499.000
Smartphone VIVO Y02S 3Go 32Go - Noir,499.000
Smartphone IKU X5 4Go 64Go - Rouge,529.000
Smartphone INFINIX Hot 11 4Go 64Go - Silver,529.000
Smartphone INFINIX Hot 11 4Go 64Go - Vert,529.000
Smartphone INFINIX Hot 11 4Go 64Go - Noir,529.000
Smartphone SAMSUNG GALAXY A03 4G 3Go 32Go - Bleu,529.000
Smartphone SAMSUNG GALAXY A03 4G 3Go 32Go - Noir,529.000
Smartphone UMIDIGI Power 5 4G 128G - Vert,535.000
Smartphone REALME C25Y 4G 64G - Gris,539.000
Smartphone REALME C25Y 4G 64G - Bleu,539.000
Smartphone XIAOMI Redmi 10A 3Go 64Go - Silver,545.000
Smartphone XIAOMI Redmi 10A 3Go 64Go - Gris Graphite,545.000
Smartphone XIAOMI Redmi 10A 3Go 64Go - Bleu Sky,545.000
Smartphone IPLUS Alpha 3 6Go 128Go - Blanc,549.000
Smartphone IPLUS Alpha 3 6Go 128Go - Rouge,549.000
Smartphone IPLUS Alpha 3 6Go 128Go - Bleu,549.000
Smartphone IPLUS Alpha 3 6Go 128Go - Noir,549.000
Smartphone OUKITEL WP20 4Go 32Go Noir&Orange + Protection �cran + 25G Data,549.000
Smartphone OUKITEL WP20 4Go 32Go Noir&Vert + Protection �cran + 25G Data,549.000
Smartphone OUKITEL WP20 4Go 32Go Noir + Protection �cran + 25G Data,549.000
Smartphone TECNO Spark 8C 4G 64G - Noir,549.000
,N/A
Smartphone TECNO Spark 8C 4G 64G - Cyan,549.000
Smartphone TCL 20 SE 4G 64G - Vert,565.000
Smartphone TCL 20 SE 4G 64G - Noir,565.000
Smartphone OPPO A17 4Go 64Go - Bleu,585.000
Smartphone OPPO A17 4Go 64Go Noir + Abonnement 12Mois,585.000
Smartphone XIAOMI Redmi 10C 4Go 64Go - Gris Graphite,588.000
Smartphone INFINIX HOT 12 4Go 64Go - Blanc,589.000
Smartphone INFINIX HOT 12 4Go 64Go - Vert,589.000
Smartphone INFINIX HOT 12 4Go 64Go - Bleu,589.000
Smartphone INFINIX HOT 12 4Go 64Go - Noir,589.000
Smartphone REALME C25Y 4G 128G - Gris,589.000
Smartphone REALME C25Y 4G 128G - Bleu,589.000
Smartphone SAMSUNG GALAXY A04 4Go 64Go - Noir,595.000
Smartphone SAMSUNG GALAXY A04 4Go 64Go - Cuivre,595.000
Smartphone SAMSUNG GALAXY A04 4Go 64Go - Blanc,595.000
Smartphone XIAOMI Redmi 12C 4Go 128Go - Vert,599.000
Smartphone XIAOMI Redmi 12C 4Go 128Go - Gris Graphite,599.000
Smartphone INFINIX HOT 20 4Go 128Go - Noir,599.000
Smartphone INFINIX Hot 20 4Go 128Go - Blanc,599.000
Smartphone INFINIX HOT 20 4Go 128Go - Bleu,599.000
Smartphone TECNO Spark 8P 4Go 128Go - Turquoise,599.000
Smartphone VIVO Y16 4Go 64Go - Gold,599.000
Smartphone VIVO Y16 4Go 64Go - Noir,599.000
Smartphone TECNO Spark 8P 4Go 128Go Turquoise + Abnmt 12mois,599.000
Smartphone TECNO Spark 8P 4Go 128Go Gold + Abonnement 12mois,599.000
,N/A
Smartphone TECNO Spark 8P 4Go 128Go Bleu + Abnmt 12mois,599.000
Smartphone SAMSUNG GALAXY A04S 3Go 32Go - Cuivre,629.000
Smartphone OPPO A16 4Go 64Go - Bleu,629.000
Smartphone INFINIX HOT 20 6Go 128Go - Bleu,649.000
Smartphone INFINIX HOT 20 6Go 128Go - Noir,649.000
Smartphone VIVO Y21 4Go 64Go - Bleu Ciel,649.000
Smartphone VIVO Y21 4Go 64Go - Bleu,649.000
Smartphone TCL 20R 5G 4G 64G - Bleu Granite,659.000
Smartphone TCL 20R 5G 4G 64G - Gris Granite,659.000
Smartphone VIVO Y22 4Go 64Go - Vert,669.000
Smartphone VIVO Y22 4Go 64Go - Bleu,669.000
Smartphone XIAOMI Redmi 10C 4Go 128Go Vert + Abonnement 12mois,669.000
Smartphone SAMSUNG GALAXY A04S 4Go 64Go - Noir,679.000
Smartphone SAMSUNG GALAXY A04S 4Go 64Go - Cuivre,679.000
Smartphone SAMSUNG GALAXY A04S 4Go 64Go - Blanc,679.000
Smartphone DOOGEE S58 Pro 6Go 64Go - Vert,689.000
Smartphone HUAWEI Nova Y61 4Go 64Go - Noir,699.000
Smartphone HUAWEI Nova Y61 4Go 64Go - Vert,699.000
Smartphone HUAWEI Nova Y61 4Go 64Go - Bleu,699.000
Smartphone SAMSUNG GALAXY A04S 4Go 128Go - Noir,759.000
Smartphone XIAOMI Redmi 10 2022 4Go 64Go - Gris,759.000
Smartphone XIAOMI Redmi 10 2022 4Go 64Go - Bleu Mer,759.000
Smartphone XIAOMI Redmi 10 2022 4Go 64Go - Blanc Galet,759.000
Smartphone SAMSUNG GALAXY A04S 4Go 128Go - Blanc,759.000
Smartphone SAMSUNG GALAXY A14 4G 4Go 64Go - Vert,769.000
,N/A
Smartphone SAMSUNG GALAXY A14 4G 4Go 64Go - Noir,769.000
Smartphone SAMSUNG GALAXY A14 4G 4Go 64Go - Silver,769.000
Smartphone XIAOMI Redmi 10 2022 4Go 128Go - Bleu,789.000
Smartphone HUAWEI Nova Y70 4Go 128Go - Bleu,789.000
Smartphone HUAWEI Nova Y70 4Go 128Go - Blanc,789.000
Smartphone TCL 20L 4G 128G - Bleu Lune,789.000
Smartphone TCL 20L 4G 128G - Noir,789.000
Smartphone XIAOMI Redmi 10 2022 4Go 128Go - Blanc Galet,789.000
Smartphone HUAWEI Nova Y70 4Go 128Go - Noir,789.000
Smartphone OPPO A55 4Go 64Go - Bleu,799.000
Smartphone SAMSUNG GALAXY A14 4G 4Go 128Go - Vert,819.000
Smartphone SAMSUNG GALAXY A14 4G 4Go 128Go - Noir,819.000
Smartphone SAMSUNG GALAXY A14 4G 4Go 128Go - Silver,819.000
Smartphone OPPO A55 4Go 128Go - Bleu,829.000
Smartphone OPPO A76 6Go 128Go - Bleu,849.000
Smartphone INFINIX Note 11 Pro 8Go 128Go - Vert,849.000
Smartphone INFINIX Note 11 Pro 8Go 128Go - Bleu,849.000
Smartphone XIAOMI Redmi 10 6Go 128Go - Bleu,879.000
Smartphone XIAOMI Redmi 10 6Go 128Go - Blanc,879.000
Smartphone XIAOMI Redmi 10 6Go 128Go - Gris,879.000
Smartphone SAMSUNG GALAXY A14 4G 6Go 128Go - Vert,899.000
Smartphone SAMSUNG GALAXY A14 4G 6Go 128Go - Noir,899.000
Smartphone SAMSUNG GALAXY A14 4G 6Go 128Go - Silver,899.000
Smartphone OnePlus Nord N10 5G 6Go 128Go - Noir,919.000
Smartphone VIVO Y35 8Go 128Go - Gold,949.000
,N/A
Smartphone VIVO Y35 8Go 128Go - Noir,949.000
Smartphone OPPO A77s 8Go 128Go - Bleu Ciel,975.000
Smartphone OPPO A77s 8Go 128Go - Orang�,975.000
Smartphone SAMSUNG GALAXY A22 6Go 128Go - Violet,999.000
Smartphone SAMSUNG GALAXY A22 6Go 128Go - Blanc,999.000
Smartphone SAMSUNG GALAXY A22 6Go 128Go - Noir,999.000
Smartphone HUAWEI Nova Y90 6Go 128Go Noir + Abonnement 12Mois,999.000
Smartphone HUAWEI Nova Y90 6Go 128Go - Vert,999.000
Smartphone HUAWEI Nova Y90 6Go 128Go - Bleu,999.000
Smartphone SAMSUNG GALAXY A23 4Go 64Go - Orange,1029.000
Smartphone HUAWEI Nova Y90 8Go 128Go Noir + Abnmt 12Mois,1069.000
Smartphone HUAWEI Nova Y90 8Go 128Go Bleu + Abnmt 12Mois,1069.000
Smartphone HUAWEI Nova Y90 8Go 128Go Vert + Abnmt 12 Mois,1069.000
Smartphone OPPO A96 8Go 256Go Noir + Abnmt 12mois,1089.000
Smartphone ONEPLUS Nord CE 5G 8Go 128Go - Noir,1119.000
Smartphone XIAOMI Poco M4 Pro 8Go 256Go Jaune + Abonnement 12Mois,1125.000
Smartphone XIAOMI Redmi Note 11S 8Go 128Go - Bleu,1139.000
Smartphone XIAOMI Redmi Note 11S 8Go 128Go - Gris Graphite,1139.000
Smartphone HUAWEI Nova 9 SE 8Go 128Go Blanc + Abonnement 12Mois,1175.000
Smartphone ONEPLUS Nord 2 5G 8Go 128Go - Bleu,1279.000
Smartphone ONEPLUS Nord 2 5G 8Go 128Go - Gris,1279.000
Smartphone SAMSUNG GALAXY A52 8Go 128Go - Blanc,1289.000
Smartphone HUAWEI Nova 9 8Go 128Go Noir + Abonnement 12Mois,1289.000
Smartphone ONEPLUS Nord CE 5G 12G 256G Noir + Abonnement 12Mois,1319.000
Smartphone OPPO Reno8 T 4G 8Go 256Go Noir + Abonnement 12Mois,1329.000
,N/A
Smartphone OPPO Reno8 T 4G 8Go 256Go Orange + Abonnement 12Mois,1329.000
Smartphone XIAOMI Redmi Note 11 Pro 8Go 128Go - Gris Graphite,1349.000
Smartphone OPPO Reno 7 8Go 256Go Orang� + Abonnement 12mois,1449.000
Smartphone SAMSUNG Galaxy A33 5G 8Go 128Go - Blanc,1499.000
Smartphone SAMSUNG Galaxy A33 5G 8Go 128Go - Noir,1499.000
Smartphone ONEPLUS 8 5G 8Go 128Go - Rose,1659.000
Smartphone OPPO Reno8 T 5G 8Go 256Go Gold + Abonnement 12Mois,1799.000
Smartphone OPPO Reno8 T 5G 8Go 256Go Noir + Abonnement 12Mois,1799.000
Smartphone VIVO V23 5G 8Go 128Go - Gold,1999.000
Smartphone SAMSUNG GALAXY A73 5G 8Go 128Go - Menthe,2099.000
Smartphone SAMSUNG GALAXY A73 5G 8Go 128Go - Gris,2099.000
Smartphone SAMSUNG GALAXY A73 5G 8Go 256Go - Gris,2299.000
Smartphone HUAWEI P50 Pro 8Go 256Go - Noir,3099.000
Smartphone HUAWEI P50 Pro 8Go 256Go - Gold,3099.000
Smartphone XIAOMI 12 12Go 256Go - Bleu,3199.000
Smartphone SAMSUNG Galaxy S23 8Go 256Go - Beige,3999.000
Smartphone SAMSUNG Galaxy S23 8Go 256Go - Vert,3999.000
Smartphone SAMSUNG Galaxy S23 8Go 256Go - Violet,3999.000
Smartphone SAMSUNG Galaxy S23 8Go 256Go - Noir,3999.000
Smartphone XIAOMI 12 Pro 12Go 256Go - Bleu,3999.000
Smartphone SAMSUNG Galaxy S22 - Noir,4219.000
Smartphone SAMSUNG Galaxy S22 Plus - Blanc,4589.000
Smartphone SAMSUNG Galaxy S23 Plus 8Go 256Go - Violet,4599.000
Smartphone SAMSUNG Galaxy S23 Plus 8Go 256Go - Beige,4599.000
Smartphone SAMSUNG Galaxy S23 Plus 8Go 256Go - Vert,4599.000
,N/A
Smartphone SAMSUNG Galaxy S23 Plus 8Go 256Go - Noir,4599.000
Smartphone SAMSUNG Galaxy S22 Ultra 12Go 256Go - Bordeaux,4995.000
Smartphone SAMSUNG Galaxy S23 Ultra 12Go 256Go - Beige,5899.000
Smartphone SAMSUNG Galaxy S23 Ultra 12Go 256Go - Violet,5899.000
Smartphone SAMSUNG Galaxy S23 Ultra 12Go 256Go - Noir,5899.000
Smartphone SAMSUNG Galaxy Z Fold 4 5G 12Go 256Go - Noir,7289.000
,N/A
iPhone 11 64 Go Noir - APPLE,2359.000
iPhone 11 64Go Blanc - APPLE,2359.000
iPhone 11 128 Go Noir - APPLE,2619.000
,N/A
,N/A
iPhone 11 128Go Vert - APPLE,2649.000
iPhone 12 64Go Bleu - APPLE,2889.000
iPhone 12 64Go Bleu - APPLE,2889.000
iPhone 12 64 Go Blanc - APPLE,2889.000
iPhone 12 64Go Noir - APPLE,2889.000
Smartphone HUAWEI P50 Pro 8Go 256Go - Gold,3099.000
Smartphone XIAOMI 12 12Go 256Go - Bleu,3199.000
iPhone 13 128Go Rouge - APPLE,3489.000
iPhone 13 128Go Starlight - APPLE,3489.000
iPhone 13 128Go Vert - APPLE,3489.000
iPhone 13 128Go Midnight - APPLE,3489.000
iPhone 13 128Go Rose - APPLE,3489.000
iPhone 13 128Go Bleu - APPLE,3489.000
Smartphone SAMSUNG Galaxy S23 8Go 256Go - Beige,3999.000
Smartphone SAMSUNG Galaxy S23 8Go 256Go - Vert,3999.000
Smartphone SAMSUNG Galaxy S23 8Go 256Go - Violet,3999.000
Smartphone SAMSUNG Galaxy S23 8Go 256Go - Noir,3999.000
Smartphone XIAOMI 12 Pro 12Go 256Go - Bleu,3999.000
iPhone 14 128Go Violet - APPLE,4069.000
iPhone 14 128Go Bleu - APPLE,4069.000
iPhone 14 128Go Midnight - APPLE,4069.000
iPhone 14 128Go Rouge - APPLE,4069.000
iPhone 14 128Go StarLight - APPLE,4069.000
Smartphone SAMSUNG Galaxy S22 - Noir,4219.000
iPhone 14 256Go Violet - APPLE,4489.000
,N/A
,N/A
iPhone 14 256Go Bleu - APPLE,4489.000
iPhone 14 256Go Rouge - APPLE,4489.000
Smartphone SAMSUNG Galaxy S23 Plus 8Go 256Go - Violet,4599.000
Smartphone SAMSUNG Galaxy S23 Plus 8Go 256Go - Beige,4599.000
Smartphone SAMSUNG Galaxy S23 Plus 8Go 256Go - Vert,4599.000
Smartphone SAMSUNG Galaxy S23 Plus 8Go 256Go - Noir,4599.000
iPhone 14 Plus 128Go Midnight - APPLE,4849.000
iPhone 14 Plus 128Go Bleu - APPLE,4849.000
iPhone 13 Pro 256Go Bleu - APPLE,4879.000
iPhone 13 Pro 256Go Silver - APPLE,4879.000
iPhone 13 Pro 256Go Graphite - APPLE,4879.000
iPhone 13 Pro 256Go Vert Alpin - APPLE,4999.000
iPhone 13 Pro Max 128Go Bleu Sierra - APPLE,4999.000
iPhone 13 Pro Max 128Go Vert Alpin - APPLE,4999.000
iPhone 14 Plus 256Go Starlight - APPLE,5149.000
iPhone 14 Plus 256Go Midnight - APPLE,5149.000
iPhone 14 Pro 128Go Violet Fonc� - APPLE,5779.000
iPhone 14 Pro 128Go Noir Sid�ral - APPLE,5779.000
iPhone 14 Pro 128Go Violet - APPLE,5779.000
iPhone 14 Pro 128Go Silver - APPLE,5779.000
iPhone 14 Pro 128Go Gold - APPLE,5779.000
Smartphone SAMSUNG Galaxy S23 Ultra 12Go 256Go - Beige,5899.000
Smartphone SAMSUNG Galaxy S23 Ultra 12Go 256Go - Violet,5899.000
Smartphone SAMSUNG Galaxy S23 Ultra 12Go 256Go - Noir,5899.000
iPhone 14 Pro 256Go Silver - APPLE,6089.000
,N/A
iPhone 14 Pro 256Go Violet Fonc� - APPLE,6089.000
iPhone 14 Pro 256Go Gold - APPLE,6089.000
iPhone 14 Pro 256Go Noir - APPLE,6089.000
iPhone 14 Pro Max 128Go Gold - APPLE,6509.000
iPhone 14 Pro Max 128Go Silver - APPLE,6509.000
iPhone 14 Pro Max 128Go Violet Fonc� - APPLE,6509.000
iPhone 14 Pro Max 128Go Noir - APPLE,6509.000
iPhone 14 Pro Max 128Go Violet - APPLE,6509.000
iPhone 14 Pro Max 256Go Violet - APPLE,6719.000
iPhone 14 Pro Max 256Go Violet Fonc� - APPLE,6719.000
iPhone 14 Pro Max 256Go Silver - APPLE,6719.000
Smartphone SAMSUNG Galaxy Z Fold 4 5G 12Go 256Go - Noir,7289.000
,N/A
